_MEMBER_Trpc3,Gene,_PATTERN_,_WEIGHTED_RANK_,_RANK_
1,64409,M1,0.16666666666666666,1
1,57125,M1,0.16666666666666666,1
1,10395,M1,0.16666666666666666,1
1,375449,M1,0.16666666666666666,1
1,23362,M1,0.16666666666666666,1
1,3908,M1,0.16666666666666666,1
