_MEMBER_Lrp1b,Gene,_PATTERN_,_WEIGHTED_RANK_,_RANK_
1,4978,M1,0.09090909090909091,1
1,1496,M1,0.09090909090909091,1
1,80059,M1,0.09090909090909091,1
1,23245,M1,0.09090909090909091,1
1,22871,M1,0.09090909090909091,1
1,2895,M1,0.09090909090909091,1
1,1740,M1,0.09090909090909091,1
1,6091,M1,0.09090909090909091,1
1,10718,M1,0.09090909090909091,1
1,23236,M1,0.09090909090909091,1
1,440279,M1,0.09090909090909091,1
