_MEMBER_Plcl1,_LogP_Plcl1,GO,_PATTERN_,_RANK_,GiniIndex,Category,CategoryID,Description,PARENT_GO,LogP,Enrichment,Z-score,#TotalGeneInLibrary,#GeneInGO,#GeneInHitList,#GeneInGOAndHitList,%InGO,STDV %InGO,GeneID,Hits,Log(q-value),EvidenceCutoff,GROUP_ID,FirstInGroupByEnrichment,FirstInGroupByLogP,BestLogPInGroup,BestEnrichmentInGroup,URL
1,-5.009363040010809,GO:0015748,M1,1,0,GO Biological Processes,19,organophosphate ester transport,19_GO:0051179 localization,-5.009363040010809,67.30222222222223,14.034906829828085,30286,150,9,3,33.333333333333336,15.713484026367725,291|57605|121601,SLC25A4|PITPNM2|ANO4,-0.6819836687179599,0,1,1,1,-5.009363040010809,67.30222222222223,
1,-2.927839740824834,GO:0061024,M1,1,0,GO Biological Processes,19,membrane organization,19_GO:0009987 cellular process,-2.927839740824834,13.283333333333335,5.912883866417003,30286,760,9,3,33.333333333333336,15.713484026367725,291|57605|121601,SLC25A4|PITPNM2|ANO4,0.0,0,1,0,0,-5.009363040010809,67.30222222222223,
