_MEMBER_Gm973,Gene,_PATTERN_,_WEIGHTED_RANK_,_RANK_
1,91851,M1,0.3333333333333333,1
1,658,M1,0.3333333333333333,1
1,8633,M1,0.3333333333333333,1
