_MEMBER_Lrp4,Gene,_PATTERN_,_WEIGHTED_RANK_,_RANK_
1,148523,M1,0.1111111111111111,1
1,25902,M1,0.1111111111111111,1
1,10345,M1,0.1111111111111111,1
1,57464,M1,0.1111111111111111,1
1,2046,M1,0.1111111111111111,1
1,7008,M1,0.1111111111111111,1
1,11255,M1,0.1111111111111111,1
1,1628,M1,0.1111111111111111,1
1,54894,M1,0.1111111111111111,1
