_MEMBER_Plcl1,Gene,_PATTERN_,_WEIGHTED_RANK_,_RANK_
1,121601,M1,0.1111111111111111,1
1,896,M1,0.1111111111111111,1
1,23145,M1,0.1111111111111111,1
1,64850,M1,0.1111111111111111,1
1,51582,M1,0.1111111111111111,1
1,291,M1,0.1111111111111111,1
1,57605,M1,0.1111111111111111,1
1,375387,M1,0.1111111111111111,1
1,64344,M1,0.1111111111111111,1
