_MEMBER_Hsd17b12,Gene,_PATTERN_,_WEIGHTED_RANK_,_RANK_
1,5411,M1,0.3333333333333333,1
1,132720,M1,0.3333333333333333,1
1,153339,M1,0.3333333333333333,1
