_MEMBER_Unc5c,Gene,_PATTERN_,_WEIGHTED_RANK_,_RANK_
1,10345,M1,0.14285714285714285,1
1,5800,M1,0.14285714285714285,1
1,800,M1,0.14285714285714285,1
1,395,M1,0.14285714285714285,1
1,145508,M1,0.14285714285714285,1
1,158326,M1,0.14285714285714285,1
1,658,M1,0.14285714285714285,1
