_MEMBER_Kif1a,Gene,_PATTERN_,_WEIGHTED_RANK_,_RANK_
1,817,M1,0.14285714285714285,1
1,406,M1,0.14285714285714285,1
1,64423,M1,0.14285714285714285,1
1,1612,M1,0.14285714285714285,1
1,152789,M1,0.14285714285714285,1
1,221955,M1,0.14285714285714285,1
1,6575,M1,0.14285714285714285,1
