_MEMBER_Sulf1,Gene,_PATTERN_,_WEIGHTED_RANK_,_RANK_
1,23145,M1,0.16666666666666666,1
1,2670,M1,0.16666666666666666,1
1,6497,M1,0.16666666666666666,1
1,3699,M1,0.16666666666666666,1
1,6444,M1,0.16666666666666666,1
1,23671,M1,0.16666666666666666,1
