_MEMBER_Nbeal1,Gene,_PATTERN_,_WEIGHTED_RANK_,_RANK_
1,55083,M1,0.1111111111111111,1
1,116448,M1,0.1111111111111111,1
1,4301,M1,0.1111111111111111,1
1,4217,M1,0.1111111111111111,1
1,23208,M1,0.1111111111111111,1
1,5801,M1,0.1111111111111111,1
1,196527,M1,0.1111111111111111,1
1,5802,M1,0.1111111111111111,1
1,120114,M1,0.1111111111111111,1
