_MEMBER_Plcb4,Gene,_PATTERN_,_WEIGHTED_RANK_,_RANK_
1,83478,M1,0.3333333333333333,1
1,79026,M1,0.3333333333333333,1
1,57649,M1,0.3333333333333333,1
