_MEMBER_Ankrd44,Gene,_PATTERN_,_WEIGHTED_RANK_,_RANK_
1,64805,M1,0.3333333333333333,1
1,55024,M1,0.3333333333333333,1
1,5027,M1,0.3333333333333333,1
