_MEMBER_Unc5c,Gene,_PATTERN_,_WEIGHTED_RANK_,_RANK_
1,6139,M1,0.3333333333333333,1
1,3726,M1,0.3333333333333333,1
1,23237,M1,0.3333333333333333,1
