_MEMBER_Gli2,Gene,_PATTERN_,_WEIGHTED_RANK_,_RANK_
1,7464,M1,0.3333333333333333,1
1,7704,M1,0.3333333333333333,1
1,7008,M1,0.3333333333333333,1
