_MEMBER_Gpcpd1,Gene,_PATTERN_,_WEIGHTED_RANK_,_RANK_
1,5625,M1,0.16666666666666666,1
1,150209,M1,0.16666666666666666,1
1,1687,M1,0.16666666666666666,1
1,9844,M1,0.16666666666666666,1
1,728586,M1,0.16666666666666666,1
1,2289,M1,0.16666666666666666,1
